url_path,views_total,views_unique
/MLDataAnalytics/pNet,26,13
/MLDataAnalytics/pNet/blob/main/src/pnet/Brain_Template/create_vol_template.md,10,1
/MLDataAnalytics/pNet/tree/main/src/pnet/Brain_Template/HCP_Surface,5,1
/MLDataAnalytics/pNet/blob/main/fmripnet.py,4,2
/MLDataAnalytics/pNet/tree/main/src/pnet/Brain_Template,4,1
/MLDataAnalytics/pNet/blob/534d5989b641f348dea81485c4ac4f5ba90fe6f8/src/pnet/Module/SR_NMF.py,3,2
/MLDataAnalytics/pNet/blob/534d5989b641f348dea81485c4ac4f5ba90fe6f8/src/pnet/Module/FN_Computation_torch.py,3,1
/MLDataAnalytics/pNet/blob/main/src/pnet/Brain_Template/HCP_Surface/Brain_Template.mat,3,1
/MLDataAnalytics/pNet/tree/main/src/pnet/Brain_Template/FreeSurfer_fsaverage5,3,1
/MLDataAnalytics/pNet/tree/main/src/pnet/Group_FNs,3,1
